Name,Call,Address,Operation,Naver_link,rank,star_score,Visitors,Blog,Category
롯데호텔서울 라세느,02-317-7171,서울 중구 을지로 30 롯데호텔서울 본관 1층,평일11:30-21:30,https://www.lottehotel.com/seoul-hotel/ko/dining/restaurant-la-seine.html,1.5308769179079404,4,6150,1444,뷔페
이나니와요스케 시청점,02-772-9994,서울 중구 을지로 6,평일11:00-14:00,http://www.food-biz.or.kr/,0.2691230820920596,4,225,409,일식당
명동교자 본점,02-776-5348,서울 중구 명동10길 29,평일10:30-20:30,http://www.mdkj.co.kr/,1.8,4,3714,6124,"칼국수,만두"
바비레드 강남본점,02-3452-1515,서울 강남구 봉은사로6길 39 바비레드,매일11:30-22:00,http://www.facebook.com/mybobired,1.4595236132860792,4,1026,5100,이탈리아음식
동네아저씨치킨,02-872-0029,서울 관악구 행운2길 16 강수빌딩,매일16:00-02:00,,0.3404763867139207,4,66,115,"치킨,닭강정"
바토스 이태원점,02-797-8226,서울 용산구 이태원로15길 1 2층,매일11:30-22:00,http://vatoskorea.com,1.8,4,435,2748,"멕시코,남미음식"
롯데호텔월드 라세느,02-411-7811,서울 송파구 올림픽로 240 롯데호텔월드 2층,,https://www.lottehotel.com/world-hotel/ko/dining/restaurant-la-seine.html,0.0893582007679649,4,457,878,뷔페
비스타 워커힐 서울 피자힐,02-450-4699,서울 광진구 워커힐로 177 워커힐 호텔앤리조트 피자힐,매일12:00-13:30,https://www.walkerhill.com/vistawalkerhillseoul/dining/PizzaHill,1.2204059243006034,4,2702,1563,피자
송죽장,02-2631-9184,서울 영등포구 영중로 21,매일11:00-22:00,https://www.facebook.com/pages/%EC%86%A1%EC%A3%BD%EC%9E%A5/149198828504849,0.05924300603400988,4,1139,1798,중식당
목란,02-732-1245,서울 서대문구 연희로15길 21,일요일11:30-15:00,,0.43099286889742183,4,567,2124,중식당
피오니,02-333-5325,서울 마포구 어울마당로 56,매일12:30-22:30,http://www.menupan.com/restaurant/onepage.asp?acode=D102947,1.8,4,766,2134,케이크전문
쟝블랑제리,02-889-5170,서울 관악구 낙성대역길 8,매일07:00-22:00,,1.1893106119287373,4,4610,2498,베이커리
덕수궁 리에제 와플,02-318-5202,서울 중구 덕수궁길 5,평일08:00-21:30,https://smartstore.naver.com/liegewaffle1/,0.5730441518202944,4,2422,1313,와플
세상의모든아침,02-2055-4442,"서울 영등포구 여의대로 24 전경련회관 50층, 51층",평일10:00-22:00,http://www.theskyfarm.co.kr/,0.02426026336173509,4,681,2764,브런치
패션5,02-2071-9505,서울 용산구 이태원로 272 SPC빌딩,매일07:30-22:00,http://www.패션5.com,0.013384972889233154,4,1563,2871,베이커리
오아시스,062-376-2758,광주 서구 상일로64번길 1 1층(쌍촌동),,,0.5448418015046892,0,1563,2871,"맥주,호프"
빌즈 잠실,02-3213-4185,서울 송파구 올림픽로 300 롯데월드몰 1층,매일09:00-22:00,http://www.billskorea.com/,0.49920643100072143,4,1633,1486,브런치
더베이커스테이블,070-7717-3501,서울 용산구 녹사평대로 244-1,월요일08:00-21:00,,0.053612284860352466,4,404,1478,베이커리
빌즈 광화문,02-2251-8404,서울 종로구 종로3길 17 D타워 리플레이스 광화문 4층,매일09:00-22:00,http://www.billskorea.com/,0.39049778419045655,4,3533,1304,브런치
태극당,02-2279-3152,서울 중구 동호로24길 7,매일08:00-22:00,http://www.taegeukdang.com,0.3118416984437803,4,2574,2124,베이커리
하늘공원,02-300-5501,서울 마포구 하늘공원로 95,매일05:00-22:00,,1.4914285714285715,4,200,8907,"자연,생태공원"
낙산공원,02-743-7985,서울 종로구 낙산길 41,매일00:00-24:00,,0.3085714285714286,4,230,3449,근린공원
선유도공원,02-2631-9368,서울 영등포구 선유로 343,매일06:00-24:00,http://parks.seoul.go.kr/seonyudo,0.1761489109783297,4,170,83,근린공원
북서울꿈의숲,02-2289-4001,서울 강북구 월계로 173,매일00:00-24:00,http://parks.seoul.go.kr/dreamforest,0.1098824242090481,4,127,2783,"도시,테마공원"
여의도공원,02-761-4079,서울 영등포구 여의공원로 68 여의도공원관리사무소,매일00:00-24:00,http://parks.seoul.go.kr/yeouido,0.046639314921386676,4,7,1922,근린공원
서울숲,02-460-2905,서울 성동구 뚝섬로 273,매일00:00-24:00,http://seoulforest.or.kr/,0.1164248148250131,4,174,9834,근린공원
여의도 한강공원,02-3780-0561,서울 영등포구 여의동로 330 한강사업본부 여의도안내센터,매일00:00-24:00,http://hangang.seoul.go.kr/archives/46758,0.07828565134785362,4,163,7665,시민공원
보라매공원,02-2181-1196,서울 동작구 여의대방로20길 33,매일00:00-24:00,http://parks.seoul.go.kr/boramae,0.04309552000440565,4,101,2208,근린공원
서서울호수공원,02-2604-3004,서울 양천구 남부순환로64길 26 신월야구장,매일00:00-24:00,http://parks.seoul.go.kr/lakepark,0.04309552000440565,4,72,1181,"도시,테마공원"
일자산허브천문공원,02-753-2403,서울 중구 소파로 83,매일10:00-23:00,http://www.cablecar.co.kr/,0.026566070986039598,4,15,497,테마공원
남산케이블카,02-6291-6900,서울 영등포구 여의동로 280,평일10:30-21:00,http://www.elandcruise.com/,0.03942781617424347,4,1563,379,케이블카
여의도 이랜드크루즈,02-3151-0256,서울 마포구 한강난지로 162 한강공원 난지안내센터,매일09:00-19:00,http://hangang.seoul.go.kr/,0.07603050912795661,4,1669,1360,"유람선,관광선"
난지한강공원물놀이장,,서울 중구 소파로 83,,,0.04725885948729246,4,7,169,수영장
잠실 이랜드크루즈,1522-7327,서울 중구 장충단로13길 20 현대시티아울렛 11층,매일10:00-21:00,http://www.light-atelier.com,0.02175840515461079,4,17,63,"유람선,관광선"
남산오르미,02-470-9561,서울 강동구 올림픽로89길 39,매일09:00-19:00,http://hangang.seoul.go.kr/archives/46585,0.31785114409229837,3,3,14,케이블카
라뜰리에 현대시티아울렛동대문점,02-322-4814,서울 마포구 와우산로 111 태화프라자 5층 레이저엑스,평일12:00-21:30,http://www.instagram.com/laserx777,0.09793760497838479,4,1637,726,복합문화공간
아리수 카약,02-418-8848,서울 송파구 백제고분로 435 예스빌딩,평일11:00-23:00,http://www.rockstarclimbing.co.kr/,0.31785114409229837,0,1637,726,"레저,테마"
광나루한강공원수영장,02-2233-3131,서울 중구 동호로 249,평일00:00-24:00,http://www.shillahotels.com/,0.09793760497838479,0,1,101,수영장
레이저엑스,02-455-5000,서울 광진구 워커힐로 177 그랜드워커힐 서울,평일00:00-24:00,http://www.grandwalkerhillseoul.com/,0.13818321997962385,4,30,107,서바이벌게임
락스타클라이밍,02-771-0500,서울 중구 소공로 106,매일00:00-24:00,https://www.josunhotel.com/hotel/westinSeoul.do,0.00562546465842443,4,30,340,암벽등반
서울신라호텔,02-797-1234,서울 용산구 소월로 322,매일00:00-24:00,https://www.hyatt.com/ko-KR/hotel/south-korea/grand-hyatt-seoul/selrs?src=prop_misc_selrs_other_naver,1.8,4,1962,5436,호텔
그랜드 워커힐 서울,02-753-7788,서울 중구 소월로 50,매일00:00-24:00,http://www.seoul.hilton.co.kr/,0.4077191136826879,4,539,3273,호텔
웨스틴조선호텔,02-771-1000,서울 중구 을지로 30,매일00:00-24:00,https://www.lottehotel.com/seoul-hotel/ko.html,0.36913669537773686,4,1123,2231,호텔
그랜드 하얏트 서울,02-304-0061,서울 마포구 한강난지로 22 한강야생탐사센터,평일11:00-10:00,http://www.nanjicamp.com/,0.5724636728253008,4,825,4183,호텔
밀레니엄 힐튼 서울,02-6282-6262,서울 서초구 신반포로 176 JW 메리어트 호텔 서울,매일00:00-24:00,http://jwmarriottseoul.kr/,0.21409691629955946,4,206,1809,호텔
롯데호텔 서울,1899-9900,서울 서초구 양재대로 159,매일08:00-22:00,https://www.costco.co.kr/store-finder,0.05455980011835097,4,462,1971,호텔
난지캠핑장(2021년4월예정),1899-9900,서울 중랑구 망우로 336,매일10:00-22:00,http://www.costco.co.kr/locations/sangbong/index.html,0.08000526004339535,4,1066,1151,"캠핑,야영장"
JW 메리어트 호텔 서울,02-411-8025,서울 송파구 올림픽로 240,매일10:00-23:00,http://company.lottemart.com/branch/bc/main.do?brnchCd=0100018,0.10201854165296864,4,376,1985,호텔
코스트코코리아 양재점,1899-9900,서울 영등포구 선유로 156,매일10:00-22:00,http://www.costco.co.kr/locations/yangpyung/index.html,0.9990986931050022,4,10426,2669,"슈퍼,마트"
코스트코코리아 상봉점,02-2165-2500,서울 영등포구 영중로 125 롯데마트영등포점,매일10:00-22:00,http://company.lottemart.com/branch/vm/main.do?brnchCd=0400211,0.0004506534474988734,4,14805,2568,"슈퍼,마트"
롯데마트 잠실점,02-2639-2500,서울 구로구 경인로 482 롯데마트구로점,매일10:00-23:00,http://company.lottemart.com/branch/bc/main.do?brnchCd=0100002,0.0004506534474988734,4,7842,332,"슈퍼,마트"
코스트코코리아 양평점,02-390-2500,서울 중구 한강대로 405,매일10:00-00:00,http://company.lottemart.com/branch/bc/main.do?brnchCd=0100012,0.9133894244163371,4,12693,1990,"슈퍼,마트"
빅마켓 영등포점,02-2024-1234,서울 광진구 아차산로 272 이마트자양점,,http://emart.com,0.15906836797236307,4,7891,549,"슈퍼,마트"
롯데마트 구로점,02-2197-1234,서울 마포구 백범로 212 대우 월드마크마포,일요일10:00-23:00,http://emart.com,0.0821418621496629,4,5506,311,"슈퍼,마트"
롯데마트 서울역점,02-2009-1212,서울 구로구 디지털로32길 43 이마트구로점,일요일10:00-23:00,http://emart.com,0.17170557753384968,4,8506,429,"슈퍼,마트"
이마트 자양점,051-467-0177,부산 동구 대영로243번길 62,매일11:00-20:00,,0.06709756505265503,4,11355,300,"슈퍼,마트"
이마트마포공덕점,051-441-2946,부산 동구 중앙대로214번길 3-8,매일08:30-21:30,,0.006853513121970246,4,7389,149,"슈퍼,마트"
이마트 구로점,051-746-0033,부산 해운대구 중동2로10번길 32-10,평일11:30-22:00,http://www.해운대암소갈비.com,0.12456677996322504,4,7273,350,"슈퍼,마트"
신발원,051-701-7661,부산 해운대구 청사포로58번길 118,매일11:30-05:00,,0.05716832896862986,4,1172,1646,만두
본전돼지국밥,051-245-0018,부산 중구 비프광장로 31,매일10:30-21:30,,0.06519195408703404,4,1055,2358,국밥
해운대암소갈비집,051-317-2478,부산 사상구 광장로 34 윌로펌프,평일00:00-24:00,http://www.menupan.com/restaurant/onepage.asp?acode=H601690,0.05977600713211122,4,786,1713,"육류,고기요리"
수민이네,070-8877-5468,부산 동구 중앙대로214번길 7,매일09:00-21:00,,0.08755780910458574,4,416,1097,조개요리
18번완당집,051-625-0130,부산 수영구 남천바다로10번길 70 101호,평일11:30-21:00,http://www.darizip.com,0.25872011251758087,4,374,953,종합분식
합천일류돼지국밥,051-747-9404,부산 해운대구 좌동순환로 27,평일09:00-21:00,http://밀면.kr/,0.01779184247538678,4,1620,1196,국밥
삼진어묵 부산역광장점,051-727-1660,부산 기장군 장안읍 해맞이로 286 웨이브온커피,매일11:00-24:00,http://www.waveoncoffee.com/,0.13565400843881859,4,280,212,한식
다리집,051-747-6886,부산 해운대구 중동1로 31,평일09:00-21:00,http://ops.co.kr,0.7037974683544304,4,572,1798,종합분식
해운대 가야밀면,051-623-9946,부산 남구 용호로90번길 24,매일09:00-23:00,,0.16237693389592123,4,1581,4306,국수
웨이브온 커피,051-722-7025,부산 기장군 일광면 일광로 123 준헤어,매일10:00-22:00,,0.14915611814345991,4,2636,3992,"카페,디저트"
옵스 해운대점,070-8230-1116,부산 영도구 와치로51번길 2,매일11:00-23:00,http://sinki.co.kr/,0.0239803094233474,4,1241,1918,베이커리
용호동할매팥빙수단팥죽 본점,051-512-7034,부산 금정구 오시게로 20,매일10:00-21:30,http://www.momos.co.kr/,0.06870604781997187,4,621,770,빙수
헤이든,051-723-9770,부산 기장군 기장읍 공수해안길 41,매일10:00-23:00,https://www.instagram.com/gonggeuk.sand/,0.07433192686357243,4,1361,1854,"카페,디저트"
호찐빵,051-721-6788,부산 기장군 기장읍 기장해안로 864,매일11:00-22:00,,0.02566807313642757,4,846,399,찐빵
신기산업,051-780-6000,부산 해운대구 수영강변대로 120 영화의전당,,http://www.dureraum.org/,0.006540084388185654,4,402,1620,"카페,디저트"
모모스커피,1544-0070,부산 중구 비프광장로 36,,http://www.megabox.co.kr/?menuId=theater-detail&region=55&cinema=6001,0.010118768557587123,4,719,988,"카페,디저트"
공극샌드커피,051-850-6000,부산 부산진구 시민공원로 73,매일05:00-24:00,http://citizenpark.or.kr/,0.010235974370995469,4,676,659,"카페,디저트"
CoffeeRosso,051-610-4742,부산 수영구 민락수변로 129 수변공원(2호) 공중화장실,매일00:00-02:00,http://www.suyeong.go.kr/tour/template.asp?midx=883,0.016947960618846694,4,266,796,"카페,디저트"
영화의전당,051-253-8523,부산 중구 비프광장로 36,,http://tour.bsjunggu.go.kr/,0.07292545710267229,4,143,3042,영화관
메가박스 부산극장본관,051-860-7820,부산 중구 용두산길 37-55,매일10:00-23:00,http://yongdusanpark.bisco.or.kr/,0.010314111579934365,4,193,179,영화관
삼락생태공원,051-661-9393,부산 중구 용두산길 37-30,평일11:00-20:00,http://www.busantower.net/,0.010314111579934365,4,40,1546,"자연,생태공원"
부산시민공원,051-209-2000,부산 사하구 낙동남로 1240,매일09:00-18:00,http://www.busan.go.kr/wetland/index,0.008243475543053602,4,720,4045,시민공원
민락수변공원,051-726-8888,부산 해운대구 동백로 52 더베이101,매일09:00-24:00,http://www.instagram.com/thebay101_official,0.27319668283523707,4,33,1881,"도시,테마공원"
비프광장,051-247-9900,부산 서구 송도해변로 171,주말09:00-21:00,http://www.busanaircruise.co.kr,0.1176341730558598,4,40,810,광장
용두산공원,051-741-6440,부산 해운대구 해운대해변로 84,,,0.17969018932874353,4,53,2068,근린공원
용소웰빙공원,1833-8649,부산 해운대구 해운대해변로 84 수영만요트경기장 1-13b,매일00:00-24:00,http://www.yachtya.kr/,0.017003077244041098,0,1,325,"도시,테마공원"
맥도생태공원,051-622-0027,부산 수영구 광안해변로54번길 222,매일09:30-22:00,http://www.gwanganli.co.kr/,0.03586293224847442,4,327,492,"자연,생태공원"
용두산공원부산타워,042-323-8820,대전 유성구 엑스포로 219-39,월요일00:00-00:00,http://solomondj.lawnorder.go.kr/new2/index.jsp,0.06337036457518386,4,1549,754,전망대
대저생태공원,051-701-4851,"부산 해운대구 송정해변로 50 1층,2층 서프홀릭",매일06:00-00:00,http://surfholic.co.kr/,0.0064152714755124395,4,8,1704,"자연,생태공원"
을숙도생태공원낙동강하구에코센터,051-990-1234,부산 해운대구 마린시티1로 51,매일00:00-24:00,https://www.hyatt.com/ko-KR/hotel/south-korea/park-hyatt-busan/busph,0.027976842434673757,4,102,567,"자연,생태공원"
더베이101,051-922-1000,부산 해운대구 달맞이길 30,,https://www.lottehotel.com/busan-signiel/ko.html,0.014833359411672666,4,132,3334,요트
송도해상케이블카,051-790-1500,부산 영도구 봉래나루로 82,매일00:00-24:00,https://www.lavalsehotel.co.kr,0.011943879413758933,4,7243,2308,케이블카
송도해상케이블카송도스카이파크,051-604-7000,부산 기장군 기장읍 기장해안로 268-31,매일00:00-24:00,http://www.theananti.com/kr/cove/,0.013665049809628124,4,86,454,케이블카
수영요트경기장,051-810-1000,부산 부산진구 가야대로 772,매일00:00-24:00,https://www.lottehotel.com/busan-hotel/ko.html,0.009179575444635685,3,5,829,요트
부산요트투어 요트야,051-758-5700,부산 수영구 광안해변로 229 켄트호텔,매일00:00-24:00,http://kensington.co.kr/hga,0.009179575444635685,0,5,829,요트
광안리해양레포츠센터,051-759-1011,부산 수영구 광안해변로 203,매일00:00-24:00,http://www.hotel1.me,0.13838209982788297,4,98,86,"수상,해양레저"
솔로몬로파크,1899-9900,부산 수영구 구락로 137,매일10:00-22:00,http://www.costco.co.kr,0.046753246753246755,4,5,277,테마공원
서프홀릭 본점,051-550-6000,부산 동래구 충렬대로 197 메가마트,매일08:00-03:00,http://home.megamart.com/store/2701,0.00698899494080217,4,327,414,"서핑,윈드서핑"
파크하얏트부산호텔,051-718-1234,부산 부산진구 시민공원로 31 이마트트레이더스서면점,일요일10:00-23:00,http://store.traders.co.kr/service/info02_180.jsp?storeCode=180,0.267657643561258,4,334,2508,호텔
시그니엘 부산,051-604-2500,부산 북구 화명대로 47 롯데쇼핑(주)롯데마트화명점,매일10:00-23:00,http://company.lottemart.com/hwamyeong.mart,0.31901110937255517,4,135,476,호텔
라발스호텔,051-608-6000,부산 수영구 황령대로 521 메가마트,매일10:00-24:00,http://home.megamart.com/store/2706,0.166171178219371,4,216,889,호텔
아난티 코브,051-500-8000,부산 연제구 종합운동장로 7 부산아시아드주경기장노외주차장,매일10:00-24:00,http://corporate.homeplus.co.kr/STORE/HyperMarket_view.aspx?sn=0033&ind=HOMEPLUS,0.017316017316017316,4,2488,1420,"콘도,리조트"
롯데호텔 부산,051-608-1234,부산 해운대구 좌동순환로 511 E-마트해운대점,일요일10:00-23:00,http://emart.com,0.8628008082787337,4,350,1214,호텔
켄트 호텔,051-609-1234,부산 남구 전포대로91번길 47 E마트,일요일10:00-23:00,http://emart.com,0.525197477190619,4,79,792,호텔
호텔1,051-329-2500,부산 사상구 낙동대로 733,매일10:00-23:00,http://company.lottemart.com/sasang.mart,0.4120017145306472,4,71,750,호텔
코스트코코리아 부산점,051-606-1234,부산 금정구 중앙대로1841번길 24 E마트금정점,일요일10:00-23:00,http://emart.com,0.10531367843675009,4,11641,2109,"슈퍼,마트"
메가마트 동래점,053-764-1003,대구 수성구 용학로 106-7 뜨삽 수성못점,매일11:30-22:00,http://www.ddsap.kr,0.05800479945149126,4,9397,475,"슈퍼,마트"
이마트 트레이더스 서면점,053-254-7070,대구 중구 동성로2길 24 2층 동성로작은방,매일12:00-21:00,http://blog.naver.com/askind,0.3502913952691121,4,13377,1198,"슈퍼,마트"
롯데마트 화명점,053-424-7692,대구 중구 동성로2길 81,매일11:20-20:00,,0.04650897040338247,4,6562,161,"슈퍼,마트"
메가마트 남천점,053-242-3582,대구 중구 동성로4길 73,매일12:00-22:00,,0.0220546223288767,4,4337,190,"슈퍼,마트"
홈플러스 아시아드점,053-765-4200,대구 수성구 들안로 38,매일11:30-22:00,,0.8260541652382585,4,8194,421,"슈퍼,마트"
이마트 해운대점,053-254-4064,대구 중구 중앙대로 397,매일08:00-22:00,http://www.ssbnc.kr/,0.04170951891212433,4,4960,229,"슈퍼,마트"
이마트 문현점,053-621-3784,대구 남구 현충로1길 16,매일11:00-00:00,http://instagram.com/apsanhouse,0.16331847788824133,4,6992,296,"슈퍼,마트"
롯데마트 사상점,053-783-8558,대구 수성구 들안로 9,매일11:30-22:00,https://enolja.com/t/yongjibong,0.05800479945149126,4,4672,156,"슈퍼,마트"
이마트 금정점,053-423-3330,대구 중구 동덕로36길 9-17,매일10:00-22:00,http://www.nakyoung.com/,0.04052108330476517,4,6729,221,"슈퍼,마트"
뜨삽 수성못점,053-254-4064,대구 중구 중앙대로 397,매일08:00-22:00,http://www.ssbnc.kr/,0.22866487865506638,4,1204,851,피자
동성로작은방,053-422-2928,대구 중구 동성로1길 29-6,평일09:00-22:00,http://cafe.naver.com/choiganecake/,0.0017792895924641852,4,579,593,"스파게티,파스타전문"
중앙떡볶이,053-985-7755,대구 동구 팔공산로 1169,매일11:00-23:00,http://instagram.com/titf803,1.1246026035193302,4,579,1360,종합분식
VIN PLUS,053-422-7020,대구 중구 동성로4길 94,매일12:00-22:00,,0.06358343690717602,4,192,959,양식
센도리,010-6723-4711,대구 남구 안지랑로 11,매일11:00-23:00,http://www.instagram.com/orda_cafe_daegu,0.38114738012690524,4,547,558,바닷가재요리
삼송빵집 본점,053-767-0101,대구 달성군 가창면 주리2길 104,주말11:00-22:00,http://www.instagram.com/cafe_aufonddubois,1.7536828562238662,4,482,1257,베이커리
앞산주택,053-986-7773,대구 동구 파계로 583,매일10:00-22:00,https://www.instagram.com/cafe_heima,0.0463171437761338,4,360,838,양식
용지봉,010-8296-1985,대구 달성군 현풍읍 비슬로 581,매일10:00-23:00,https://www.instagram.com/161_coffee_studio/?hl=ko,0.8679452054794521,4,172,590,한정식
낙영찜갈비 본점,070-4671-6089,대구 수성구 고모로 188,매일10:00-23:00,http://www.rullycoffee.com/,0.27945205479452057,4,264,589,"육류,고기요리"
삼송빵집 본점,053-803-7470,대구 달서구 공원순환로 36,,,0.019178082191780823,4,482,1257,베이커리
최가네케익,053-667-2851,대구 달서구 월곡로 5,매일00:00-24:00,,0.2810958904109589,4,235,365,케이크전문
티아이티에프,053-254-9404,대구 중구 경상감영길 99 감영공원,,https://korean.visitkorea.or.kr/kor/bz15/where/where_tour.jsp?cid=126133,0.11342465753424659,4,347,725,베이커리
카페 루시드,053-803-7420,대구 남구 앞산순환로 574-116,매일10:00-19:00,http://www.daegu.go.kr/Apsanpark/,1.8,4,313,491,카페
오르다카페,,대구 수성구 팔현길 88-46,매일00:00-24:00,http://www.suseong.kr/04_culture/page.htm?mnu_uid=1667,1.0,4,233,584,"카페,디저트"
오퐁드부아,053-631-0105,대구 달성군 화원읍 구라1길 88,매일09:00-18:00,http://dswetland.daegu.go.kr,1.3853932584269664,4,619,972,베이커리
헤이마,053-982-8801,대구 동구 팔공산로185길 51 팔공산케이블카,평일09:30-18:50,https://blog.naver.com/palgongcable,0.41460674157303373,4,437,924,카페
161커피스튜디오,010-7585-0900,대구 동구 장등로 56,,http://www.bigbirdpara.co.kr/,0.13740458015267176,4,220,5,카페
룰리커피,053-626-5012,대구 달서구 구마로 190 그린코아상가 2층,평일12:00-02:00,http://cafe.daum.net/jumpclimbing,0.6678357747060037,4,302,953,"카페,디저트"
팔공산자동차극장씨네80,053-583-0501,대구 달성군 하빈면 묘동3길 122-60,,,0.012997730554982464,4,234,181,영화관
봉무공원,053-257-7979,대구 중구 동성로 10-1 4층,평일11:00-01:00,,0.023024551268826077,4,18,364,"도시,테마공원"
두류공원,053-212-9500,대구 달서구 월곡로100안길 24-1,평일16:00-10:00,http://blog.naver.com/gj8848,0.012791417371570043,4,56,1647,테마공원
월광수변공원,010-3192-8277,대구 수성구 수성로 24,매일00:00-24:00,http://www.bluewingspara.com/,0.012791417371570043,4,63,612,"도시,테마공원"
경상감영공원,010-4456-8447,대구 북구 동천로23길 8 세신빌딩3층,평일14:00-23:00,http://sonsedongclimbing.modoo.at/,0.27258097792448943,0,2,405,테마공원
앞산공원,010-3892-8850,대구 수성구 달구벌대로467길 13,평일14:00-23:00,http://www.powerclimbing.org/,0.04939137610893336,4,13,328,근린공원
옥연지 송해공원,053-664-1101,대구 중구 국채보상로 611,매일00:00-24:00,https://novotel.ambatel.com/daegu,0.026738188570249642,4,24,953,근린공원
수성패밀리파크,053-602-7114,대구 수성구 팔현길 212 호텔인터불고,매일00:00-24:00,http://www.hotel-interburgo-daegu.com/,0.0024757582009490406,0,1,192,테마공원
망우당공원,053-983-8886,대구 동구 용천로 58,주말11:00-21:00,http://0539838886.modoo.at/,0.0024757582009490406,0,1,122,"도시,테마공원"
달성습지 생태학습관,053-380-0114,대구 북구 유통단지로 80,,http://www.ibexco.co.kr/index.html,0.009284093253558903,0,1,122,"자연,생태공원"
팔공산케이블카,053-981-4771,대구 동구 동화사2길 21-7,매일11:00-21:00,http://www.ok80.co.kr,0.004085001031565918,4,2083,1154,케이블카
빅버드 패러글라이딩 스쿨,053-253-7711,대구 중구 달구벌대로 2033 엘디스리젠트호텔,매일00:00-24:00,http://www.eldishotel.com/,0.004126263668248401,0,2083,1154,"행글라이딩,패러글라이딩"
점프클라이밍짐,053-611-1198,대구 달성군 현풍읍 지동1길 43,매일10:30-09:00,http://bysoga.modoo.at/,0.22656957157926977,0,2083,1154,암벽등반
도채유료낚시터,053-718-7000,대구 수성구 범어천로 73,,http://www.hotellaonzena.com/,0.11674549971075646,0,2083,1154,낚시터
동성로클라이밍짐,1899-9900,대구 북구 검단로 97,매일09:00-22:00,https://www.costco.co.kr/store-finder,0.10271888930479464,4,16,19,암벽등반
M클라이밍 남대구점,053-714-1234,대구 서구 팔달로 54,일요일10:00-23:00,http://store.traders.co.kr/service/info02_178.jsp?storeCode=178,0.1533739408582026,4,16,46,암벽등반
대구패러글라이딩블루윙스,053-550-8000,대구 달서구 달구벌대로 1467,매일10:00-24:00,http://corporate.homeplus.co.kr/STORE/HyperMarket_view.aspx?sn=0031&ind=HOMEPLUS,0.061710960628849496,0,16,46,"행글라이딩,패러글라이딩"
손세동 클라이밍 칠곡점,053-607-2500,대구 동구 안심로 80 롯데쇼핑프라자,매일10:00-23:00,http://company.lottemart.com/daeguyulha.mart,0.07451253955830808,0,16,46,암벽등반
파워 클라이밍 센터,053-607-1234,대구 달서구 진천로 92,일요일10:00-23:00,http://emart.com,0.07230748290060231,0,16,46,암벽등반
노보텔 앰배서더 대구,053-607-8000,대구 북구 동암로12길 8 칠곡홈플러스,매일10:00-24:00,http://corporate.homeplus.co.kr/STORE/HyperMarket_view.aspx?sn=0022&ind=HOMEPLUS,0.08703848640555348,4,26,724,호텔
호텔인터불고 대구,053-602-1234,대구 수성구 동원로 136 이마트만촌점,일요일10:00-23:00,http://emart.com,0.01871235580358662,4,514,805,호텔
팔공은가비,053-609-1234,대구 북구 침산로 93 스펙트럼시티,일요일10:00-23:00,http://emart.com,0.03384149453840133,4,149,329,"백숙,삼계탕"
호텔인터불고 엑스코,053-1899-9900,대구 동구 첨단로 10,매일09:30-22:00,http://www.costco.co.kr,0.047898730731275735,4,33,713,호텔
탑골식당,053-760-8000,대구 수성구 동대구로 95 수성 SK 리더스뷰,매일10:00-24:00,http://corporate.homeplus.co.kr/STORE/HyperMarket_view.aspx?sn=0103&ind=HOMEPLUS,0.02667506040085752,4,64,257,한식
엘디스 리젠트 호텔,062-951-9600,광주 광산구 하남산단3번로 133-8 B1,매일11:00-21:00,,0.025143771055228505,4,99,331,호텔
한훤당고택 by soga,032-833-7892,인천 연수구 컨벤시아대로 126,매일11:00-22:00,http://www.instagram.com/songjjuzip,0.022969340184435295,4,184,713,기타숙박업
호텔라온제나,032-773-3838,인천 중구 차이나타운로 36,매일11:00-21:30,http://blog.naver.com/mandabok,0.04039541293769354,4,68,554,호텔
코스트코코리아대구점,032-762-9467,인천 중구 차이나타운로44번길 31-3,매일11:00-21:00,http://ss-chinese.com/,0.022846837036784973,4,9736,1470,"슈퍼,마트"
이마트 트레이더스 비산점,010-2286-5297,전북 정읍시 수성3로 53 카페오라,일요일00:00-00:00,,0.01316908837240957,4,8366,890,"슈퍼,마트"
홈플러스 성서점,032-889-8300,인천 옹진군 영흥면 선재로 55,수요일10:00-20:30,https://www.instagram.com/ppeoldabang,0.019049239459625004,4,7688,429,"슈퍼,마트"
롯데마트 대구율하점,062-372-7554,광주 서구 치평로 86 1층 이츠미떡방,평일08:00-19:00,,0.13732602851601047,4,2856,265,"슈퍼,마트"
이마트 월배점,032-762-5853,인천 중구 우현로49번길 3,매일10:30-21:00,,0.1340184435294518,4,7249,345,"슈퍼,마트"
홈플러스 칠곡점,010-2286-5297,전북 정읍시 수성3로 53 카페오라,일요일00:00-00:00,,0.04627556402490897,4,6817,418,"슈퍼,마트"
이마트 만촌점,032-889-8300,인천 옹진군 영흥면 선재로 55,수요일10:00-20:30,https://www.instagram.com/ppeoldabang,0.03757784054173614,4,4855,229,"슈퍼,마트"
이마트 칠성점,032-880-0596,인천 옹진군 영흥면 영흥북로 374-25 1층,평일09:00-21:30,http://www.instagram.com/hibada,0.04713308605846123,4,4771,590,"슈퍼,마트"
코스트코코리아 대구혁신점,032-933-2192,인천 강화군 강화읍 향나무길5번길 12 조양방직,평일11:00-20:00,,0.03087079320788104,4,4771,590,"슈퍼,마트"
홈플러스 대구수성점,1588-1692,인천 강화군 길상면 해안남로 814,공휴일09:00-21:00,http://www.instagram.com/ganghwa_greenholiday,0.01607853812910471,4,2716,89,"슈퍼,마트"
연경,032-746-9929,인천 중구 마시란로 71,평일10:00-21:00,,0.020458025657603702,4,199,90,중식당
송쭈집 본점,032-746-3977,인천 중구 마시란로 155,매일10:30-21:00,,0.0071664341375438124,4,606,663,주꾸미요리
만다복,070-7607-1691,인천 강화군 화도면 해안남로1691번길 43-12,매일10:00-21:00,,0.000653350120801715,4,636,1469,중식당
신승반점,070-8862-1512,인천 연수구 인천타워대로132번길 30,토요일11:00-21:00,https://www.instagram.com/grida.dessert,0.0019056045190050021,4,597,1084,중식당
카페오라,032-435-7076,인천 남동구 소래로154번길 77,매일10:00-18:00,,0.014577874570388267,0,597,1084,"카페,디저트"
뻘다방,032-761-4774,인천 중구 자유공원남로 25,,,0.022111818150883044,4,2037,2236,"카페,디저트"
이츠미 상무점,032-466-7282,인천 남동구 무네미로 236,매일05:00-23:00,http://park.incheon.go.kr,0.009769626025113144,4,135,14,떡카페
원조신포닭강정,,인천 연수구 컨벤시아대로 160,,http://www.insiseol.or.kr/institution_guidance/central_park/index.asp,0.01160717323986797,4,1437,1035,"치킨,닭강정"
카페오라,032-509-8820,인천 부평구 평천로 26-47,평일09:00-18:00,http://butterflypark.icbp.go.kr/,0.00704393098989349,0,1437,1035,"카페,디저트"
뻘다방,032-509-6970,인천 부평구 신트리로 21 북구도서관,,,0.006247660530166401,4,2037,2237,"카페,디저트"
하이바다,032-880-4500,인천 미추홀구 수봉안길 84,매일00:00-24:00,,0.00542076428352673,4,794,1727,"카페,디저트"
조양방직,032-550-3500,인천 계양구 봉오대로 855,,,0.016292918637492767,4,2323,3569,"카페,디저트"
그린홀리데이,032-751-7774,인천 중구 영종순환로 279-20,매일00:00-24:00,http://cafe.naver.com/mjfishingsite,0.01855922686902372,4,375,517,카페
마시란비치하우스,032-937-7481,인천 강화군 불은면 중앙로 546,월요일10:00-15:00,http://www.tianlim.co.kr/index_jip.php,0.014761629291863749,4,278,277,"카페,디저트"
마시안제빵소,032-831-4609,인천 연수구 컨벤시아대로 160,,http://cafe.naver.com/komarineyachtclub,0.018314220573723075,4,2111,957,베이커리
토크라피,032-937-7870,인천 강화군 길상면 해안남로117번길 29-18,매일00:00-24:00,http://www.hsfishing.co.kr/,0.009830877598938307,4,939,958,카페
그리다디저트,032-751-1515,인천 중구 백운로186번길 140-1,매일00:00-24:00,http://www.jssea.com/,0.8519641332194705,4,170,321,카페
소래습지생태공원,032-715-5014,인천 서구 완정로 70,평일10:00-23:00,http://www.climbingsquare.kr,0.08437233134073442,4,20,1222,"자연,생태공원"
자유공원,032-710-4340,인천 옹진군 영흥면 선재로226번길 164,매일00:00-24:00,https://cafe.naver.com/sjbada,0.03522630230572161,4,29,1028,근린공원
인천대공원,032-743-9000,인천 중구 영종해안남로 19-5,매일00:00-24:00,http://www.nesthotel.co.kr/,0.04611443210930828,4,67,3949,테마공원
송도 센트럴파크,1833-8855,인천 중구 영종해안남로321번길 186,,http://www.p-city.co.kr/,0.035354397950469685,4,200,3538,시민공원
인천나비공원,032-835-1000,인천 연수구 컨벤시아대로 153,,https://www.marriott.co.kr/hotels/travel/selgi-sheraton-grand-incheon-hotel/,0.03420153714773698,4,32,538,"자연,생태공원"
부평공원,032-210-7000,인천 연수구 테크노파크로 151,,http://www.orakaihotels.com/,0.12527754056362084,4,12,353,근린공원
부평 신트리공원,032-745-1234,인천 중구 영종해안남로321번길 208,매일00:00-24:00,https://www.hyatt.com/ko-KR/hotel/south-korea/grand-hyatt-incheon/inche,0.04269854824935952,4,9,84,근린공원
수봉공원,032-310-5000,인천 연수구 테크노파크로 193,,http://www.centralparkhotel.co.kr/,0.2816823228010248,4,7,291,"도시,테마공원"
서운체육공원,032-770-9500,인천 중구 제물량로 217,매일00:00-24:00,http://www.harborparkhotel.com/,0.1441076003415884,4,5,153,"도시,테마공원"
늘솔길공원,032-425-2700,인천 남동구 소래역로 44,매일00:00-24:00,http://parkmarinehotel.co.kr/,0.040350128095644755,2,6,179,근린공원
만정바다좌대낚시터,032-870-8000,인천 남동구 경원대로 971 홈플러스간석점,매일10:00-24:00,http://corporate.homeplus.co.kr/STORE/HyperMarket_view.aspx?sn=0018&ind=HOMEPLUS,0.044995103625607755,4,7,114,낚시터
황청낚시터,032-722-1234,인천 동구 봉수대로 82 이마트트레이더스송림점,일요일10:00-23:00,http://store.traders.co.kr/service/info02_151.jsp?storeCode=151,0.0596945349589678,0,2,147,낚시터
강화레포츠파크,032-363-2500,인천 부평구 길주로 623 롯데마트삼산점,매일10:00-23:00,http://company.lottemart.com/branch/bc/main.do?brnchCd=0100047,0.028086290724377072,4,81,114,레포츠시설
송도코마린이스트보트하우스,032-428-2080,인천 남동구 예술로 198,매일10:00-24:00,http://corporate.homeplus.co.kr/STORE/HyperMarket_view.aspx?sn=0168&ind=HOMEPLUS,0.05045155452728512,4,626,103,요트
황산바다좌대낚시터,032-763-2080,인천 미추홀구 소성로 6,매일10:00-24:00,http://corporate.homeplus.co.kr/STORE/HyperMarket_view.aspx?sn=0188&ind=HOMEPLUS,0.02900028061093008,4,5,262,낚시터
정성레저낚시터,032-820-1234,인천 연수구 경원대로 184 이마트연수점,일요일10:00-23:00,http://emart.com,0.019987515676988185,4,76,154,낚시터
영흥바다낚시터,032-509-2500,인천 부평구 마장로 296 롯데마트 부평점,매일10:00-23:00,http://company.lottemart.com/branch/bc/main.do?brnchCd=0100044,0.0307011264524479,3,27,55,낚시터
디스커버리 클라이밍스퀘어 ICN,032-455-8000,인천 남동구 청능대로 596,매일10:00-24:00,http://corporate.homeplus.co.kr/STORE/HyperMarket_view.aspx?sn=0099&ind=HOMEPLUS,0.04004718845028319,4,607,127,암벽등반
선재낚시공원,1899-9900,인천 연수구 컨벤시아대로230번길 60,매일09:00-22:00,https://www.costco.co.kr/store-finder,0.02590096152194206,4,149,115,낚시터
황산초지바다낚시터,032-453-8000,인천 서구 가정로151번길 11 삼성 가좌홈플러스,매일10:00-24:00,http://corporate.homeplus.co.kr/STORE/HyperMarket_view.aspx?sn=0027&ind=HOMEPLUS,0.026193025959374408,4,8,92,낚시터
네스트호텔,062-385-9085,광주 서구 시청로60번길 21-9 메가박스,월요일11:30-22:00,https://blog.naver.com/ssbarato,0.047245717819939415,4,756,3728,호텔
파라다이스시티,062-236-1408,광주 동구 천변우로 405-15,평일11:30-21:30,https://instagram.com/hago.s,0.03392070736861395,4,579,3797,호텔
쉐라톤 그랜드 인천 호텔,062-385-9200,광주 서구 운천로 253,매일11:30-24:00,http://sangmusushi.kr/,0.05008046088913578,4,271,1240,호텔
오라카이 송도파크 호텔,062-234-9933,광주 동구 지산로 21,매일12:00-01:00,http://0622349933.bdp.kr/,0.02310057897479656,4,271,956,호텔
그랜드하얏트인천웨스트타워,062-527-0248,광주 북구 경양로 126,매일09:00-01:00,,0.015555008332426597,4,478,1061,호텔
송도센트럴파크호텔,062-364-5410,광주 서구 천변좌로 262,공휴일07:00-24:00,,0.02960158974682022,4,134,874,호텔
베스트웨스턴 하버파크호텔,062-222-3231,광주 동구 충장로 102-11,매일11:00-21:00,,0.017829674892193864,4,99,426,호텔
트리캠핑장,062-944-1489,광주 서구 상무자유로 24,매일11:00-22:00,,0.02504194847067043,3,9,238,"캠핑,야영장"
파크마린호텔,062-954-8288,광주 광산구 임방울대로 338,평일11:30-15:30,http://스시앤그릴.com/,0.016589260046157635,4,307,361,호텔
홈플러스 간석점,070-7204-4995,광주 광산구 용아로 251,,,0.02388056282535119,4,8884,471,"슈퍼,마트"
이마트 트레이더스 송림점,062-222-3477,광주 동구 충장로 93-6,매일10:00-21:30,http://www.kungjeun.co.kr/,0.03850440101019935,4,18390,1393,"슈퍼,마트"
롯데마트 삼산점,062-224-8241,광주 동구 서석로7번길 14,매일11:30-21:30,http://www.instagram.com/cafebarie/,0.03180409921028067,4,10967,285,"슈퍼,마트"
홈플러스 구월점,1522-3232,광주 서구 죽봉대로 33,목요일07:00-22:00,http://www.starbucks.co.kr/,0.027890435748687145,4,4790,298,"슈퍼,마트"
홈플러스 인하점,1800-2785,광주 광산구 광산로19번길 24,매일10:00-22:00,http://lala-bread.com/,0.010723918932074975,4,7729,188,"슈퍼,마트"
이마트 연수점,070-4320-3526,광주 남구 제중로46번길 14 1층,매일12:00-22:00,http://instagram.com/kafe_milldang,0.026093380445426903,4,8682,482,"슈퍼,마트"
롯데마트 부평점,062-971-3777,"광주 광산구 임방울대로826번길 47 1, 2층",매일10:00-23:00,,0.024859837703800847,4,6756,173,"슈퍼,마트"
홈플러스 인천논현점,062-374-1555,광주 서구 상무대로 718,매일11:00-22:00,http://www.facebook.com/lecielbluegj,0.017468889410659782,4,4750,211,"슈퍼,마트"
코스트코코리아 송도국제도시점,062-236-0012,광주 동구 동계천로 151-31,매일11:00-22:00,http://www.instagram.com/onhwa_cafe,0.018420675871468742,4,11062,1251,"슈퍼,마트"
홈플러스 가좌점,062-972-1522,광주 광산구 첨단중앙로124번길 27 더124빌딩,매일09:00-23:00,http://www.instagram.com/cafe_apilco_2013,0.018420675871468742,4,4006,490,"슈퍼,마트"
어나더키친,1544-8855,광주 광산구 장신로 98,,http://www.facebook.com/lottecinema.kr,0.009638126435267642,4,607,1769,양식
HAGOS,062-672-0660,광주 남구 중앙로107번길 15,매일00:00-24:00,,0.03214426837858423,4,388,1364,양식
상무초밥 상무점,,광주 남구 사직길 49-1,매일09:00-22:00,,0.06797542077322628,4,967,1294,"초밥,롤"
교촌치킨 조선대점,062-613-7100,광주 북구 하서로 52,,,0.03866245941163333,4,114,6,"치킨,닭강정"
영미오리탕,062-613-5860,광주 북구 우치로 677 우치공원 금호패밀리랜드,매일09:00-18:00,http://uchipark.gwangju.go.kr/,0.017482633619480124,4,302,514,오리요리
양동통닭,062-376-5183,광주 서구 상무평화로 13,매일09:00-18:00,,0.027203225307669842,4,516,357,"치킨,닭강정"
월계수식당,062-229-0510,광주 동구 예술길 31-15 광주아트센터,평일12:00-24:00,http://blog.naver.com/ba-wi,0.03148798240741271,4,323,296,한식
나정상회,062-457-5000,광주 서구 화운로 211,평일06:00-21:30,http://cafe.daum.net/kia-sports,0.023808405729044378,4,352,461,"육류,고기요리"
스시앤그릴,062-267-8850,광주 북구 중문로 62 58,평일06:00-21:00,http://bgsc.kr/,0.01704625498943414,4,251,282,"일식,초밥뷔페"
맥도날드 광주산정DT점,062-236-5051,광주 동구 충장로안길 40-2,평일12:00-01:00,http://climben.blog.me/,0.042308110801230106,4,1476,38,햄버거
궁전제과 충장점,062-943-7100,광주 광산구 가삼안길 68-100 송산승마스쿨,매일09:00-18:00,http://www.songsanriding.kr/,0.015448490714068917,4,1053,854,베이커리
카페바리에,061-333-9638,광주 남구 승촌보길 90,,https://camp.xticket.kr/web/main?shopEncode=a1535c44b7b5b3ab38fd902f0c58f8600f1a57e45999ac4b1a7b8c321f1d2df5,0.026306415682142262,4,374,589,카페
스타벅스 광주신세계DT점,010-8340-7069,광주 서구 상무자유로 29-1,매일09:00-19:00,http://www.062glamping.com,0.020499487455546077,4,787,27,카페
라라브레드 송정점,062-971-6467,광주 북구 추암로 190,,http://greencity.gwangju.go.kr/,0.021313831828151573,4,770,1039,브런치
카페밀당,062-234-8000,광주 동구 금남로 226-11,매일00:00-24:00,http://acchotel.kr/,0.018087378807575348,4,74,562,"카페,디저트"
아우어베이커리 광주첨단점,062-607-8088,광주 북구 우치로 677,매일00:00-24:00,http://familyland.dainkorea.co.kr/index_camping.html,0.009174259387580961,4,678,200,베이커리
르시엘블루,062-445-7700,광주 광산구 임방울대로826번길 19-7,매일00:00-24:00,https://blog.naver.com/ns-hotel,0.016156317468316736,4,188,273,브런치
카페온화 광주,062-972-3111,광주 광산구 임방울대로825번길 57-1,매일00:00-24:00,,0.02089463345913102,4,58,334,"카페,디저트"
아필코 본점,062-360-0123,광주 서구 죽봉대로 61 광주 이마트,일요일10:00-23:00,http://emart.com,0.013125719423430441,4,256,420,브런치
롯데시네마 수완,062-975-2500,광주 광산구 장신로 98,매일10:00-23:00,http://company.lottemart.com/suwan.mart,0.01383354617767826,4,327,96,영화관
광주호호수생태원,062-610-2500,광주 서구 금화로 240 월드컵경기장,매일10:00-23:00,http://company.lottemart.com/worldcup.mart,0.015235455477353553,4,21,629,"자연,생태공원"
광주공원,062-962-2500,광주 광산구 첨단강변로99번길 22,매일10:00-23:00,http://company.lottemart.com/cheomdan.mart,0.016678597403489884,0,2,227,"도시,테마공원"
황룡친수공원,062-530-8000,광주 동구 무등로 314,매일10:00-24:00,http://corporate.homeplus.co.kr/STORE/HyperMarket_view.aspx?sn=0078&ind=HOMEPLUS,0.03409938208327845,3,9,290,자연공원
쌍암공원,062-602-2500,광주 서구 시청로 40,평일10:00-23:00,http://company.lottemart.com/sangmu.mart,0.02852266935442306,0,2,260,"도시,테마공원"
광주사직공원,062-250-8000,광주 북구 동문대로 200 삼성홈플러스,매일10:00-24:00,http://corporate.homeplus.co.kr/STORE/HyperMarket_view.aspx?sn=0030&ind=HOMEPLUS,0.025681054180816523,0,2,260,근린공원
중외공원,062-949-1234,광주 광산구 사암로 172 광산 이마트,일요일10:00-23:00,http://emart.com,0.010658633940178332,4,12,229,근린공원
우치공원,062-611-1234,광주 남구 봉선로 198,일요일10:00-23:00,http://emart.com,0.041806447179287484,4,4,103,자연공원
무등산,062-616-8000,광주 광산구 용아로 390,매일10:00-24:00,http://corporate.homeplus.co.kr/STORE/HyperMarket_view.aspx?sn=0077&ind=HOMEPLUS,0.010569296582846083,4,43,970,"산,고개"
5.18자유공원,1588-8069,대전 중구 대종로480번길 15,평일08:00-22:00,https://www.sungsimdang.co.kr/,0.007469977493858056,0,2,174,"도시,테마공원"
죽도공원,042-274-0016,대전 동구 산내로 321-35 옛터민속박물관,매일11:30-22:00,http://www.yetermuseum.com/,0.02367783574525109,0,2,174,"도시,테마공원"
바위 클라이밍 센터,062-365-2695,광주 서구 화운로322번길 13,,,0.012758061837486186,4,14,119,암벽등반
기아수영장,042-627-9972,대전 동구 옛신탄진로 13,매일11:00-21:00,,0.02933701372702856,0,1,6,수영장
광주북구건강복지타운 우산수영장,1588-8069,대전 중구 대종로 480,평일08:00-21:30,http://www.sungsimdang.co.kr/,0.043064042286349136,4,26,31,수영장
클라이븐 클라이밍 컴퍼니,062-376-9900,광주 서구 군분2로 11,,,0.03143300557213133,4,11,61,암벽등반
송산승마스쿨,042-525-5820,대전 유성구 온천동로65번길 50,매일00:00-24:00,,0.025921577835172578,4,12,73,승마장
승촌보오토캠핑장,042-485-0950,대전 서구 둔산로31번길 31 방림빌딩 2층,평일11:30-21:30,http://www.italyguksi.com,0.01815609985167708,0,2,163,"캠핑,야영장"
주노글램핑 광주점,042-226-0914,대전 중구 중교로 45-5,매일11:00-22:00,,0.02757775499802427,3,95,40,"캠핑,야영장"
광주시민의숲야영장,042-472-0997,대전 서구 대덕대로 243 광신빌딩 2층,매일11:30-21:00,http://www.ivips.co.kr/,0.0162422187734439,4,5,87,"캠핑,야영장"
acc디자인호텔,1588-8069,대전 중구 대종로480번길 15,평일08:00-22:00,https://www.sungsimdang.co.kr/,0.012094903761904488,4,58,176,호텔
광주패밀리랜드 카라반 캠핑장,1588-8069,대전 중구 대종로 480,평일08:00-21:30,http://www.sungsimdang.co.kr/,0.02190826885963154,4,10,79,"캠핑,야영장"
노블스테이,062-376-9900,광주 서구 군분2로 11,,,0.012421328721387707,3,5,19,호텔
탑클라우드호텔 광주점,042-823-3712,대전 유성구 한밭대로371번길 25-3,매일11:00-22:00,http://coffeeinterview.com,1.8,3,15,55,호텔
이마트 광주점,1588-8069,대전 동구 중앙로 215 대전역,매일06:30-23:00,http://www.sungsimdang.co.kr/,0.6009978477792997,4,7518,138,"슈퍼,마트"
롯데마트 광주수완점,042-673-9286,대전 동구 충정로 53 남간정사,매일05:00-21:00,,0.4958716493836823,4,5831,135,"슈퍼,마트"
롯데마트 월드컵점,042-608-5573,대전 대덕구 대청로 607,,,0.7031305028370182,4,5961,242,"슈퍼,마트"
롯데마트 첨단점,042-288-8300,대전 중구 뿌리공원로 79 뿌리공원,매일06:00-22:00,http://djjunggu.go.kr/html/hyo/bburi/bburi_030101.html,0.6611111111111112,4,5164,100,"슈퍼,마트"
홈플러스 계림점,,대전 동구 동대전로110번길 182,,,0.22566137566137565,4,2615,55,"슈퍼,마트"
롯데마트 상무점,042-606-7753,대전 중구 보문로199번길 37-36,,,0.2150793650793651,4,4600,102,"슈퍼,마트"
홈플러스 동광주점,042-250-1111,대전 유성구 대덕대로 480,,http://www.expopark.co.kr/,0.41455026455026456,4,5926,155,"슈퍼,마트"
이마트 광산점,,대전 서구 남선로 66,,http://tour.daejeon.go.kr/tourism/park/namsun/,0.06666666666666667,4,3697,123,"슈퍼,마트"
이마트 봉선점,042-323-8820,대전 유성구 엑스포로 219-39,월요일00:00-00:00,http://solomondj.lawnorder.go.kr/new2/index.jsp,0.21693121693121695,4,3941,85,"슈퍼,마트"
홈플러스 광주하남점,042-825-5014,대전 유성구 대학로76번안길 62,,http://cafe.daum.net/leadclimbing,1.8,4,4332,102,"슈퍼,마트"
성심당 본점,042-526-8848,대전 서구 갈마로 163,매일11:00-23:00,http://cafe.daum.net/djclimbingcenter,0.4238112136266856,4,5940,6886,베이커리
옛터민속박물관,042-825-5013,대전 유성구 계룡로 129 이화빌딩 2층,,http://cafe.daum.net/leadclimbing,0.7569198012775018,4,216,576,박물관
광천식당,042-933-5015,대전 유성구 테크노4로 57,평일11:00-23:00,http://cafe.daum.net/technoclimbing-gym,0.6192689850958126,0,216,576,한식
오씨칼국수,042-472-6675,대전 서구 대덕대로 325 스타게이트 씨네몰5층,일요일12:00-20:00,http://www.lasertagsports.com,0.2768365114098156,4,904,1391,"칼국수,만두"
성심당 케익부띠끄,010-4403-8058,대전 동구 동부로 56-7 판암4차주공아파트,,http://cafe.daum.net/works5752/,0.1806189434198187,4,2758,1194,베이커리
투모아해피투모루점,042-841-9545,대전 서구 우명길 148 우명낚시터,,,0.3482963426070647,0,1,1,"맥주,호프"
태평소국밥,042-273-0693,대전 동구 산내로2번길 73,,,0.24757736792747734,4,995,2998,국밥
이태리국시 본점,042-270-7883,대전 서구 장안로 461,,http://www.jangtaesan.or.kr/,0.5486089402938419,4,2228,1349,양식
진로집,042-820-0100,대전 유성구 온천로 9 유성호텔,평일00:00-24:00,http://www.yousunghotel.com/,1.8,4,237,738,한식
빕스 대전둔산점,042-333-1000,대전 유성구 엑스포로123번길 33 롯데시티호텔대전,,https://www.lottehotel.com/daejeon-city/ko.html,0.2807020846077832,4,2824,416,패밀리레스토랑
성심당 본점,042-933-6575,대전 대덕구 대청로424번길 200,매일00:00-24:00,http://www.camplohas.com/main/,0.1361582984330149,4,5940,6886,베이커리
성심당 케익부띠끄,042-540-1000,대전 유성구 계룡로 127,매일00:00-24:00,https://ramadahoteldaejeon.modoo.at/,0.08563361724154159,4,2758,1194,베이커리
투모아해피투모루점,042-600-6000,대전 유성구 온천로 92,평일00:00-24:00,http://www.hotelinterciti.com/,0.07229306856147946,0,1,1,"맥주,호프"
커피인터뷰,042-545-1045,대전 서구 둔산중로134번길 13,,http://www.toyoko-inn.co.kr,0.05653851583454897,4,468,818,커피번
성심당 대전역점,042-825-8000,대전 서구 둔산중로32번길 29,매일00:00-24:00,http://hotel-march.com/,0.04497670697849513,4,4196,1380,베이커리
유림공원,042-482-1000,대전 서구 둔산중로 70,,http://www.graytone.co.kr/,0.03460072467178015,4,54,1420,"도시,테마공원"
우암사적공원,042-273-4174,대전 동구 산내로 748 상소동오토캠핑장,,http://www.sangsocamping.kr/camping.asp?location=001,0.0531504399792951,0,2,363,테마공원
금강로하스대청공원,042-841-2080,대전 유성구 한밭대로 502 홈플러스,매일10:00-24:00,http://corporate.homeplus.co.kr/STORE/HyperMarket_view.aspx?sn=0185&ind=HOMEPLUS,0.03955107994917886,4,10,586,"자연,생태공원"
뿌리공원,1899-9900,대전 중구 오류로 41,매일10:00-22:00,https://www.costco.co.kr/store-finder,0.18096560161874736,4,17,777,테마공원
대동하늘공원,042-479-1234,대전 서구 둔산북로 41 대전둔산이마트전용주차장,일요일10:00-23:00,http://emart.com,0.05816196884852477,4,20,1017,근린공원
테미공원,042-615-1234,대전 동구 동서대로 1689 대전복합터미널 (서관),일요일10:00-23:00,http://emart.com,0.18100795256693802,0,1,263,근린공원
은구비공원,042-525-2500,대전 유성구 북유성대로 206,매일10:00-23:00,http://company.lottemart.com/noeun.mart,0.1067667403886876,0,1,263,근린공원
엑스포 과학공원,042-718-1234,대전 서구 한밭대로 580 신세계이마트,일요일10:00-23:00,http://store.traders.co.kr/service/info02_174.jsp?storeCode=174,0.2495317867394476,4,32,466,"도시,테마공원"
남선공원,042-540-2500,대전 유성구 유성대로 26-37,매일10:00-23:00,http://company.lottemart.com/seodaejeon.mart,0.023504776245823727,0,2,132,"도시,테마공원"
솔로몬로파크,042-479-9000,대전 서구 둔산로 201 국화아파트,평일10:00-22:00,http://dj.savezone.co.kr/BrandCH/Branch/Main.asp,0.026935203049268268,4,5,277,테마공원
클라이밍짐리드 충대점,042-930-2500,대전 유성구 테크노중앙로 14 롯데마트대덕테크노밸리점,매일10:00-23:00,http://company.lottemart.com/daedeok.mart,0.016601571690743964,0,1,11,암벽등반
대전클라이밍센터,042-611-8000,대전 서구 문예로 107 홈플러스대전둔산점,매일10:00-24:00,http://corporate.homeplus.co.kr/STORE/HyperMarket_view.aspx?sn=0035&ind=HOMEPLUS,0.02181073831819679,0,1,11,암벽등반
클라이밍짐리드 유성점,052-262-4884,울산 울주군 언양읍 헌양길 86,매일11:00-21:00,http://www.기와집.kr,0.031043245023763585,4,7,18,암벽등반
테크노클라이밍짐,052-239-5515,울산 울주군 서생면 해맞이로 924,매일12:00-21:00,http://blog.naver.com/foodmasta/,0.02189544021457814,4,7,4,암벽등반
레이저태그스포츠,052-282-8866,울산 북구 정자1길 111,평일10:00-01:00,https://www.instagram.com/badabaraki,1.8,4,22,19,서바이벌게임
대전패러글라이딩 휘파람새스쿨,052-257-2827,울산 남구 신정로78번길 10,매일12:00-23:30,http://handmadepizza.co.kr,1.8,0,22,19,"행글라이딩,패러글라이딩"
우명낚시터가든,050-7987-2802,울산 중구 옥골샘길 12,매일12:00-23:30,http://handmadepizza.co.kr,0.9245283018867925,0,22,19,낚시터
산내태봉낚시터,070-8777-7776,울산 남구 돋질로312번길 7,월요일11:30-22:00,https://www.instagram.com/hey_dining/,0.10798258345428158,0,22,19,낚시터
갑천수상스포츠체험교실,052-238-0333,울산 울주군 서생면 잿골길 72,매일10:30-23:00,http://www.instagram.com/hey_mer_official,0.1204644412191582,0,22,19,"수상,해양레저"
장태산자연휴양림,052-260-1749,울산 남구 삼산중로 26 조민석의청년갈비삼산본점,토요일17:00-24:00,,0.1227866473149492,4,111,1542,"휴양림,산림욕장"
유성호텔,052-262-2047,울산 울주군 언양읍 웃방천5길 10,매일11:00-09:30,http://blog.naver.com/hun7611,0.26211901306240926,4,109,367,호텔
롯데시티호텔 대전,052-238-0333,울산 울주군 서생면 잿골길 72,매일10:30-23:00,http://www.instagram.com/hey_mer_official,0.1456216739235607,4,122,600,호텔
대청호 로하스 캠핑장,010-3669-4443,울산 울주군 서생면 신리길 102,토요일11:00-20:00,http://www.instagram.com/tablesetter_thesun,1.8,4,103,223,"캠핑,야영장"
대전라마다호텔,010-4991-6782,울산 울주군 삼남면 장제1길 13-11,매일11:00-21:30,http://instagram.com/cafe_soopia,1.8,4,155,164,호텔
인터시티호텔,052-257-8459,"울산 남구 삼산로 231 더테라스가든 3층 315,316호",매일11:00-21:30,http://www.uglystove.com/,0.8804403048264182,4,105,274,호텔
토요코인호텔 대전정부청사앞,052-209-2347,울산 동구 해수욕장7길 5,매일09:00-22:00,http://inearthcoffee.com,0.18831498729889923,4,110,120,호텔
호텔3월,070-7553-3240,울산 중구 함월7길 17 1층,매일11:00-23:00,http://vintiquestudio.com/,0.11769686706181202,4,149,55,호텔
호텔 그레이톤 둔산,010-6521-0730,울산 중구 중앙길 107-1,목요일12:00-19:00,http://antoicake.modoo.at/,0.18518204911092295,4,47,130,호텔
상소오토캠핑장,1544-8855,울산 남구 삼산로 282 롯데백화점 영플라자3층,,http://www.facebook.com/lottecinema.kr,0.3106689246401355,0,1,199,"캠핑,야영장"
홈플러스 유성점,,울산 울주군 범서읍 두동로 702,,,0.8157635467980295,4,4338,516,"슈퍼,마트"
코스트코코리아대전점,052-229-7563,울산 중구 태화강국가정원길 154,매일00:00-24:00,,0.10098522167487685,4,8421,1503,"슈퍼,마트"
이마트 둔산점,052-271-8818,울산 남구 대공원로 94,평일05:00-23:00,http://www.ulsanpark.com/,0.8024630541871922,4,8061,240,"슈퍼,마트"
이마트 대전터미널점,052-290-4423,울산 중구 학성공원3길 54 학성공원,매일00:00-24:00,,1.418936170212766,4,7205,269,"슈퍼,마트"
롯데마트 노은점,052-256-6389,울산 남구 남부순환도로 209,매일10:00-18:00,,0.3810638297872341,4,2980,122,"슈퍼,마트"
이마트 트레이더스 월평점,010-8263-9588,울산 울주군 언양읍 대암1길 153-29,월요일00:00-00:00,http://www.언양자연체험장.kr/,1.8,4,11627,540,"슈퍼,마트"
롯데마트 서대전점,052-239-4700,울산 울주군 서생면 해맞이로 1560 해양레포츠센터,,http://울주해양레포츠센터.kr/,1.8,4,2958,118,"슈퍼,마트"
세이브존 대전점,010-5129-2469,울산 남구 삼산로 48 효천빌딩 12층 라온클라이밍짐,평일10:00-22:30,https://kwr9977.modoo.at,0.17825002150907682,4,2013,161,"슈퍼,마트"
롯데마트 대덕점,1599-1789,부산 해운대구 동백로 52 더베이101 요트투어 매표소,매일09:00-22:00,http://www.yachttale.com,0.1855286931084918,4,6742,149,"슈퍼,마트"
홈플러스 대전둔산점,052-222-9600,울산 중구 다운로 121,평일06:00-21:00,http://www.fifoal.com/,0.3679600791534028,4,3476,237,"슈퍼,마트"
언양기와집불고기,052-238-8811,울산 울주군 서생면 해맞이로 1078-68,매일08:00-16:00,http://cafe.naver.com/jinha8141,0.2713240987696808,4,887,1228,소고기구이
베테랑 바베큐,052-277-8114,울산 남구 남산로 38,매일09:30-21:00,https://smartstore.naver.com/saoutdoor,0.5539533683214316,4,476,1091,"육류,고기요리"
바다바라기,052-975-1136,울산 남구 대학로76번길 8 지하 1층,매일11:00-23:00,,0.24298373913791618,3,952,1796,게요리
반올림피자샵 울산남구점,052-237-8584,울산 울주군 서생면 진하해변길 40 서프홀릭 울산,매일08:00-23:00,http://01031121504.ussoft.kr/,1.8,4,71,16,피자
반올림피자샵 울산중구점,052-251-2233,울산 동구 방어진순환도로 875 호텔현대 바이 라한 울산,매일00:00-24:00,https://www.lahanhotels.com/ulsan/index.do,1.8,4,39,9,피자
헤이다이닝,052-960-1000,울산 남구 삼산로 282 롯데호텔,매일00:00-24:00,https://www.lottehotel.com/ulsan-hotel/ko.html,0.12521197439003287,4,1150,419,양식
헤이메르,052-254-8890,울산 울주군 상북면 알프스온천2길 58,매일18:00-11:00,http://www.sandia.kr/,0.21195708600103824,4,798,989,카페
조민석의청년갈비 삼산본점,010-4406-0012,충북 충주시 동량면 호반로 696-1,,http://충주호캠핑월드.com/,0.03504066447482264,4,48,204,"육류,고기요리"
언양불고기한마당한우촌,052-990-1000,울산 남구 삼산로 204,매일00:00-24:00,https://www.lottehotel.com/ulsan-city/ko.html,0.1389167676068524,4,88,732,"육류,고기요리"
헤이메르,052-254-7720,울산 울주군 상북면 자수정로 320 작천정별빛야영장 관리사무소,,http://camping.ulju.ulsan.kr/,0.2954317355943935,4,798,989,카페
테이블세터,052-901-9000,울산 남구 삼산로 200,,http://www.shillastay.com/ulsan,0.07646651669839073,4,235,280,"카페,디저트"
카페 수피아,052-922-4000,울산 남구 남중로 65,,http://www.stazhotelulsan.com,0.14997404395224087,4,436,297,"카페,디저트"
어글리스토브 울산더테라스가든점,010-4841-9822,울산 울주군 상북면 배내로 1064-4,매일00:00-24:00,http://cafe.naver.com/deulsalicamping,0.12676933725558054,4,504,358,브런치
인얼스커피 울산동구점,052-228-2500,울산 남구 삼산로 74,매일10:00-23:00,http://company.lottemart.com/ulsan.mart,0.2783007440733691,4,282,235,"카페,디저트"
빈티큐,1899-9900,울산 북구 진장유통로 78-12,매일10:00-22:00,https://www.costco.co.kr/store-finder,0.2783007440733691,4,31,506,카페
앙뚜케이크,052-290-8000,울산 중구 번영로 475 홈플러스울산점,매일10:00-24:00,http://corporate.homeplus.co.kr/STORE/HyperMarket_view.aspx?sn=0023&ind=HOMEPLUS,0.08363038587991001,4,21,206,베이커리
롯데시네마 울산,052-220-1234,울산 남구 남중로 48 울산점E-MART 울산 E-MART,일요일10:00-23:00,http://emart.com,0.9691616766467066,4,633,270,영화관
INGG CINEPARK,052-240-2500,울산 북구 진장유통로 64,매일10:00-23:00,http://company.lottemart.com/jinjang.mart,0.018562874251497007,0,633,270,영화관
태화강국가정원,052-270-8000,울산 남구 수암로 148 홈플러스 울산남구점,매일10:00-24:00,http://corporate.homeplus.co.kr/STORE/HyperMarket_view.aspx?sn=0034&ind=HOMEPLUS,0.012275449101796407,4,87,2764,"도시,테마공원"
선암호수공원,052-219-6000,울산 북구 진장17길 10,매일10:00-23:00,http://home.megamart.com/store/2705,0.7053824362606232,4,39,834,"자연,생태공원"
대왕암공원,052-261-9000,울산 남구 번영로250번길 9 세이브존(울산점),매일10:00-22:00,http://us.savezone.co.kr/BrandCH/Branch/Main.asp,0.04746132054913925,4,375,3023,"도시,테마공원"
울산대공원,052-230-8000,울산 동구 방어진순환도로 637 홈플러스,매일10:00-24:00,http://corporate.homeplus.co.kr/STORE/HyperMarket_view.aspx?sn=0084&ind=HOMEPLUS,0.03246894748311179,4,422,1348,"도시,테마공원"
학성공원,052-293-2080,울산 북구 신답로 26 홈플러스,매일10:00-24:00,http://corporate.homeplus.co.kr/STORE/HyperMarket_view.aspx?sn=0165&ind=HOMEPLUS,0.10472869906297669,5,4,162,"도시,테마공원"
울산애견공원,061-333-9638,광주 남구 승촌보길 90,,https://camp.xticket.kr/web/main?shopEncode=a1535c44b7b5b3ab38fd902f0c58f8600f1a57e45999ac4b1a7b8c321f1d2df5,0.09021573327522336,4,5,110,반려견놀이터
태화강국가정원십리대숲,010-8340-7069,광주 서구 상무자유로 29-1,매일09:00-19:00,http://www.062glamping.com,0.028590106777075616,4,20,1132,부속시설
송정박상진호수공원,062-971-6467,광주 북구 추암로 190,,http://greencity.gwangju.go.kr/,0.1035519721072129,0,2,209,근린공원
태화강국가정원은하수정원,062-234-8000,광주 동구 금남로 226-11,매일00:00-24:00,http://acchotel.kr/,0.03922423185879277,0,1,275,부속시설
공룡발자국공원,062-607-8088,광주 북구 우치로 677,매일00:00-24:00,http://familyland.dainkorea.co.kr/index_camping.html,0.00893440836783613,4,4,193,테마공원
포니랜드,062-445-7700,광주 광산구 임방울대로826번길 19-7,매일00:00-24:00,https://blog.naver.com/ns-hotel,0.00893440836783613,4,75,107,승마장
울주해양레포츠센터,062-972-3111,광주 광산구 임방울대로825번길 57-1,매일00:00-24:00,,0.0008716495968620615,4,55,126,"수상,해양레저"
라온클라이밍짐,062-360-0123,광주 서구 죽봉대로 61 광주 이마트,일요일10:00-23:00,http://emart.com,0.0019612115929396384,0,1,19,암벽등반
요트탈래,062-975-2500,광주 광산구 장신로 98,매일10:00-23:00,http://company.lottemart.com/suwan.mart,0.009588145565482676,4,1028,195,요트
휘폴수영장,062-610-2500,광주 서구 금화로 240 월드컵경기장,매일10:00-23:00,http://company.lottemart.com/worldcup.mart,1.8,4,9,14,수영장
울산바다낚시터,062-962-2500,광주 광산구 첨단강변로99번길 22,매일10:00-23:00,http://company.lottemart.com/cheomdan.mart,1.8,0,2,2,낚시터
신신낚시 무거점,062-530-8000,광주 동구 무등로 314,매일10:00-24:00,http://corporate.homeplus.co.kr/STORE/HyperMarket_view.aspx?sn=0078&ind=HOMEPLUS,1.8,4,3,2,낚시
송정바다낚시터,062-602-2500,광주 서구 시청로 40,평일10:00-23:00,http://company.lottemart.com/sangmu.mart,1.8,0,2,7,낚시터
해적 바다실내낚시터,062-250-8000,광주 북구 동문대로 200 삼성홈플러스,매일10:00-24:00,http://corporate.homeplus.co.kr/STORE/HyperMarket_view.aspx?sn=0030&ind=HOMEPLUS,1.8,0,1,43,낚시터
서프홀릭 울산점,062-949-1234,광주 광산구 사암로 172 광산 이마트,일요일10:00-23:00,http://emart.com,1.8,4,102,97,"서핑,윈드서핑"
호텔현대 바이 라한 울산,062-611-1234,광주 남구 봉선로 198,일요일10:00-23:00,http://emart.com,1.8,4,150,382,호텔
롯데호텔 울산,062-616-8000,광주 광산구 용아로 390,매일10:00-24:00,http://corporate.homeplus.co.kr/STORE/HyperMarket_view.aspx?sn=0077&ind=HOMEPLUS,1.8,4,67,539,호텔
샌디아온천,1588-8069,대전 중구 대종로480번길 15,평일08:00-22:00,https://www.sungsimdang.co.kr/,1.8,4,154,64,펜션
충주호캠핑월드,042-274-0016,대전 동구 산내로 321-35 옛터민속박물관,매일11:30-22:00,http://www.yetermuseum.com/,1.1783251231527094,4,312,421,"캠핑,야영장"
롯데시티호텔 울산,062-365-2695,광주 서구 화운로322번길 13,,,0.474384236453202,4,109,373,호텔
작천정별빛야영장,042-627-9972,대전 동구 옛신탄진로 13,매일11:00-21:00,,1.8,4,40,335,"캠핑,야영장"
신라스테이 울산,1588-8069,대전 중구 대종로 480,평일08:00-21:30,http://www.sungsimdang.co.kr/,0.5730337078651686,4,148,450,호텔
스타즈호텔 울산,062-376-9900,광주 서구 군분2로 11,,,1.2269662921348314,4,125,196,호텔
들살이오토캠핑장,042-525-5820,대전 유성구 온천동로65번길 50,매일00:00-24:00,,1.8,4,14,91,"캠핑,야영장"
롯데마트 울산점,042-485-0950,대전 서구 둔산로31번길 31 방림빌딩 2층,평일11:30-21:30,http://www.italyguksi.com,1.8,4,8265,273,"슈퍼,마트"
코스트코코리아 울산점,042-226-0914,대전 중구 중교로 45-5,매일11:00-22:00,,1.8,4,11391,1142,"슈퍼,마트"
홈플러스 울산점,042-472-0997,대전 서구 대덕대로 243 광신빌딩 2층,매일11:30-21:00,http://www.ivips.co.kr/,1.8,4,8537,611,"슈퍼,마트"
이마트 울산점,1588-8069,대전 중구 대종로480번길 15,평일08:00-22:00,https://www.sungsimdang.co.kr/,1.8,4,7244,300,"슈퍼,마트"
롯데마트 진장점,1588-8069,대전 중구 대종로 480,평일08:00-21:30,http://www.sungsimdang.co.kr/,1.6,4,4924,360,"슈퍼,마트"
홈플러스 울산남구점,062-376-9900,광주 서구 군분2로 11,,,1.8,4,7818,208,"슈퍼,마트"
메가마트신선도원몰,042-823-3712,대전 유성구 한밭대로371번길 25-3,매일11:00-22:00,http://coffeeinterview.com,1.4521008403361346,4,4293,434,"슈퍼,마트"
세이브존 울산점,1588-8069,대전 동구 중앙로 215 대전역,매일06:30-23:00,http://www.sungsimdang.co.kr/,0.19327731092436976,4,3025,495,"슈퍼,마트"
홈플러스 울산동구점,042-673-9286,대전 동구 충정로 53 남간정사,매일05:00-21:00,,1.8,4,6233,143,"슈퍼,마트"
홈플러스 울산북구점,042-608-5573,대전 대덕구 대청로 607,,,1.8,4,3513,102,"슈퍼,마트"
